--Insert artist table
INSERT INTO artist (artist_id, artist_name, sex, age, language, location)
VALUES (1, 'Zion.T', 'M', 34, 'Korean', 'Korea'),
       (2, 'Daniel Kim', 'M', 26, 'Korean', 'Korea'),
       (3, 'Olivia Dean', 'F', 24, 'English', 'England'),
       (4, 'Oh Hyuk', 'M', 29, 'Korean', 'Korea'),
       (5, 'Zico', 'M', 30, 'Korean', 'Korea'),
       (6, 'PH-1', 'M', 33, 'Korean', 'Korea'),
       (7, 'sik-k', 'M', 29, 'Korean', 'Korea'),
       (8, 'crush', 'M', 30, 'Korean', 'Korea'),
       (9, 'jay park', 'M', 35, 'Korean', 'Korea'),
       (10, 'george', 'M', 29, 'Korean', 'Korea'),
       (11, 'Kendrick Lamar', 'M', 35, 'English', 'USA'),
       (12, 'Snoh Aalegra', 'F', 35, 'English', 'Sweden'),
       (13, 'The Quiett', 'M', 38, 'Korean', 'Korea'),
       (14, 'Colde', 'M', 28, 'Korean', 'Korea'),
       (15, 'Kid Milli', 'M', 29, 'Korean', 'Korea'),
       (16, 'Drake', 'M', 36, 'English', 'Canada'),
       (17, 'slom', 'M', 29, 'Korean', 'Korea'),
       (18, 'J.I.D.', 'M', 32, 'English', 'USA'),
       (19, 'Anderson Paak', 'M', 37, 'English', 'Canada'),
       (20, 'J. Cole', 'M', 38, 'English', 'USA');

--Insert album table
INSERT INTO album (album_name, playtime, no_of_tracks, year, artist_id)
VALUES
    ('OO', '0:26:57', 8, 2017, 1),
    ('summer flows 0.02', '0:16:32', 5, 2020, 2),
    ('Growth', '0:16:01', 5, 2021, 3),
    ('20', '0:23:54', 6, 2014, 4),
    ('TELEVISION', '0:16:25', 5, 2017, 5),
    ('The Island Kid', '0:21:19', 8, 2017, 5),
    ('Flip', '0:37:25', 11, 2016, 7),
    ('Crush on You', '0:41:07', 11, 2014, 5),
    ('EVERYTHING YOU WANTED', '1:10:47', 19, 2016, 9),
    ('cassette', '0:16:32', 5, 2018, 10),
    ('To Pimp A Butterfly', '1:18:51', 16, 2015, 11),
    ('FEELS', '0:41:30', 13, 2017, 12),
    ('glow forever', '0:38:28', 13, 2018, 12),
    ('idealism', '0:24:35', 7, 2021, 14),
    ('Maiden Voyage III', '0:24:30', 7, 2018, 15),
    ('Views', '1:21:14', 20, 2016, 16),
    ('WEATHER REPORT', '0:20:17', 7, 2022, 17),
    ('The Forever Story', '0:59:12', 15, 2022, 18),
    ('Malibu', '1:01:02', 16, 2016, 18),
    ('2014 Forest Hills Drive', '1:04:39', 13, 2014, 20);


--Insert songfile table
INSERT INTO songfile ( track_id, song_title, format, language, year, location, playtime, artist_id, album_name)
VALUES 
(1,'comedian', 'mp4', 'Korean', 2017, 'Korea', '0:01:53', 1, 'OO'),
(2,'seasons', 'mp4', 'English', 2020, 'Korea', '0:04:16', 2, 'summer flows 0.02'),
(3,'float', 'mp4', 'English', 2021, 'England', '0:03:03', 9, 'EVERYTHING YOU WANTED'),
(4,'wi ing wi ing', 'mp4', 'Korean', 2014, 'Korea', '0:03:15', 4, '20'),
(5,'ANTI', 'mp4', 'Korean', 2017, 'Korea', '0:03:37', 5, 'TELEVISION'),
(6,'Escobar', 'mp4', 'Korean', 2017, 'Korea', '0:03:24', 5, 'TELEVISION'),
(7,'Rendezvous', 'mp4', 'Korean', 2016, 'Korea', '0:03:06', 9, 'EVERYTHING YOU WANTED'),
(8,'Sometimes', 'mp4', 'Korean', 2014, 'Korea', '0:04:24', 5, 'TELEVISION'),
(9,'All I Wanna Do', 'mp4', 'Korean', 2016, 'Korea', '0:03:37', 9, 'EVERYTHING YOU WANTED'),
(10,'Lets go picnic', 'mp4', 'Korean', 2018, 'Korea', '0:03:51', 10, 'cassette'),
(11,'Alright', 'mp4', 'English', 2015, 'USA', '0:03:39', 11, 'To Pimp A Butterfly'),
(12,'Fool For You', 'mp4', 'English', 2017, 'Sweden', '0:03:14', 12, 'FEELS'),
(13,'go yard', 'mp4', 'Korean', 2018, 'Korea', '0:02:01', 12, 'FEELS'),
(14,'The Museum', 'mp4', 'Korean', 2021, 'Korea', '0:03:20', 14, 'idealism'),
(15,'CLOSE!', 'mp4', 'Korean', 2018, 'Korea', '0:02:59', 9, 'EVERYTHING YOU WANTED'),
(16,'9', 'mp4', 'English', 2016, 'Canada', '0:04:16', 12, 'FEELS'),
(17,'LETTER SENT TO YOU', 'mp4', 'Korean', 2022, 'Korea', '0:02:01', 17, 'WEATHER REPORT'),
(18,'Stars', 'mp4', 'English', 2022, 'USA', '0:04:18', 18, 'The Forever Story'),
(19,'Heart Dont Stand a Chance', 'mp4', 'English', 2016, 'Canada', '0:05:12', 18, 'Malibu'),
(20,'Love Yourz', 'mp4', 'English', 2014, 'USA', '0:03:31', 20, '2014 Forest Hills Drive');

--Insert genre table
INSERT INTO genre (genre_name, year, description) VALUES 
    ('indie', 1980, 'alternative to mainstream rock and pop.'),
    ('funk', 1960, 'emphasizes rhythm and groove.'),
    ('R&B', 1940, 'a mix of blues, jazz, and gospel influences.'),
    ('hiphop', 1970, 'characterized by rapping, beatboxing, and sampling.'),
    ('pop', 1950, 'catchy melodies and simple chord progressions.'),
    ('jazz', 1900, 'characterized by improvisation, syncopated rhythms, and a swing feel.'),
    ('electronic', 1970, 'uses electronic instruments and technology to create a wide range of sounds.'),
    ('k-hiphop', 1990, 'refers to hiphop, however incorporates korean cultural elements.'),
    ('k-indie', 2000, 'short for korean independent music and is characterized by alternative and experimental sounds.'),
    ('k-pop', 1990, 'korean popular music is characterized by a fusion of electronic, hiphop, and pop music.'),
    ('k-R&B', 2000, 'refers to R&B that originates from south korea and is characterized by its soulful vocals, use of electronic beats, and incorporation of Korean cultural elements.'),
    ('disco', 1970, 'characterized by its use of four-on-the-floor beats and high energy vocals.'),
    ('soul', 1950, 'emphasizes emotional expression and use of gospel-style vocals.'),
    ('country', 1920, 'characterized by its storytelling lyrics, acoustic instruments, and simple melodies.'),
    ('EDM', 1980, 'short for electronic dance music, is characterized by its heavy use of synthesizers, drum machines, and other electronic instruments to create upbeat, high-energy tracks.'),
    ('vaporwave', 2010, 'electronic music that incorporates elements of 1980s and 1990s pop culture.'),
    ('synthwave', 2000, 'electronic music that incorporates elements of 1980s pop culture, often with a nostalgic or retro feel.'),
    ('acid jazz', 1980, 'genre of jazz that incorporates elements of funk, soul, and electronic music.'),
    ('house', 1980, 'characterized by its repetitive 4/4 beat, synthesized melodies, and the use of drum machines and samplers.');

--Insert playlist table
INSERT INTO playlist (playlist_id,playlist_name, no_of_tracks, status, playtime) VALUES
(1,'highermuse', 3, 'private', '0:10:07'),
(2,'legends', 3, 'public', '0:10:37'),
(3,'hyper', 2, 'public', '0:06:36'),
(4,'cozy', 2, 'private', '0:08:18'),
(5,'favorite', 2, 'public', '0:07:11'),
(6,'jazzy', 2, 'private', '0:03:55'),
(7,'floating', 2, 'private', '0:07:21'),
(8,'zzz', 2, 'public', '0:08:26'),
(9,'study', 2, 'public', '0:05:16'),
(10,'inspire', 2, 'private', '0:07:10'),
(11,'summer', 2, 'private', '0:05:52'),
(12,'FRIENDS', 2, 'public', '0:03:55'),
(13,'dreamville', 2, 'private', '0:07:49'),
(14,'night drive', 2, 'private', '0:08:43'),
(15,'vibes', 2, 'public', '0:06:17'),
(16,'kbops', 3, 'public', '0:08:37'),
(17,'chill krnb', 3, 'public', '0:10:09'),
(18,'onloop', 2, 'public', '0:08:43'),
(19,'love songs', 2, 'private', '0:06:17'),
(20,'kindie', 2, 'public', '0:07:31');

--Insert user_profile table
INSERT INTO user_profile (user_id,sex, age, username, password, location) 
VALUES 
(1,'M', 33, 'smith26', 'jsmith24!', 'USA'),
(2,'F', 24, 'emjo', 'emiljo701#', 'UK'),
(3,'M', 18, 'jamesbro', 'brownj6', 'Canada'),
(4,'F', 43, 'margar13', 'Garcia1302', 'Spain'),
(5,'M', 26, 'davkim123', 'Kimdavid123!', 'South Korea'),
(6,'F', 35, 'sarjack52', 'koalasarah52!', 'Australia'),
(7,'M', 27, 'alithecairo', 'aliahmed33', 'Egypt'),
(8,'F', 43, 'lamartinez', 'laura4523!', 'Mexico'),
(9,'M', 31, 'alexchen43', 'chenrules43', 'Taiwan'),
(10,'F', 17, 'petrova318', 'Petrova318!', 'Russia'),
(11,'M', 29, 'silvasilver', 'silvajose84', 'Brazil'),
(12,'F', 33, 'chillmei', 'Meiling22', 'China'),
(13,'M', 42, 'hassanmo', 'mohawkmo342', 'Morocco'),
(14,'F', 38, 'rossisabella', 'isebellarose11', 'Italy'),
(15,'M', 29, 'michaelnguyen', 'onlynguyens44', 'Vietnam'),
(16,'F', 23, 'dupontsophie', 'dupontdonut567', 'France'),
(17,'M', 40, 'juanperez112', 'juandirection12!', 'Argentina'),
(18,'F', 16, 'katarzyna4', 'Nowak77', 'Poland'),
(19,'M', 19, 'yutasato23', 'satowice23', 'Japan'),
(20,'F', 21, 'gonzalezcarmen', 'carmengon63', 'Colombia');

--Insert musiclabel table
INSERT INTO musiclabel (label_id, label_name, no_of_artist, year)
VALUES 
    (1,'STANDARD FRIENDS', 3, 2022),
    (2,'wavy', 9, 2018),
    (3,'AMF records', 11, 2014),
    (4,'DRDR AC', 17, 2010),
    (5,'KOZ entertainment', 7, 2019),
    (6,'H1GHER music', 17, 2017),
    (7,'AOMG', 19, 2013),
    (8,'P nation', 5, 2019),
    (9,'JYP entertainment', 17, 1997),
    (10,'craft and jun', 9, 2014),
    (11,'pglang', 3, 2020),
    (12,'roc nation', 33, 2008),
    (13,'daytona entertainment', 13, 2020),
    (14,'Highgrnd', 8, 2015),
    (15,'indigo music', 4, 2017),
    (16,'OVO sound', 9, 2012),
    (17,'halftime records', 3, 2019),
    (18,'dreamville records', 8, 2007),
    (19,'aftermath entertainment', 5, 1996),
    (20,'columbia records', 133, 1887);

--Insert playbackdevice table
INSERT INTO playbackdevice (device_id,user_id, type, name)
VALUES 
    (1,1, 'apple', 'john''s iphone'),
    (2,1, 'windows', 'john''s laptop'),
    (3,2, 'mac', 'Emily''s mac'),
    (4,2, 'android', 'emily''s phone'),
    (5,3, 'windows', 'james'' PC'),
    (6,3, 'android', 'james'' phone'),
    (7,4, 'windows', 'maria''s PC'),
    (8,4, 'android', 'maria''s phone'),
    (9,4, 'mac', 'maria''s mac'),
    (10,5, 'mac', 'david''s mac'),
    (11,5, 'apple', 'david''s iphone'),
    (12,6, 'apple', 'sarah''s iphone'),
    (13,7, 'apple', 'ali''s iphone'),
    (14,8, 'android', 'laura''s phone'),
    (15,9, 'android', 'alex''s phone'),
    (16,10, 'android', 'petrova''s phone'),
    (17,11, 'apple', 'silva''s iphone'),
    (18,12, 'android', 'mei''s phone'),
    (19,13, 'android', 'hassan''s phone'),
    (20,14, 'apple', 'isabella''s iphone'),
    (21,15, 'apple', 'michael''s iphone'),
    (22,16, 'android', 'sophie''s phone'),
    (23,17, 'apple', 'juan''s iphone'),
    (24,18, 'android', 'nowak''s phone'),
    (25,19, 'apple', 'yuta''s iphone'),
    (26,20, 'apple', 'carmen''s iphone');

--Insert playhistory table
INSERT INTO playhistory (playhistory_id, user_id, track_id, playdate, device_id)
VALUES
(1,1,1,'2023-04-17 05:34:00+00',1),
(2,1,9,'2022-12-03 09:44:00+00',2),
(3,2,3,'2022-12-05 09:23:00+00',3),
(4,2,4,'2023-01-01 19:34:00+00',4),
(5,3,1,'2023-01-12 21:54:00+00',6),
(6,4,14,'2023-02-08 18:21:00+00',7),
(7,4,9,'2023-02-09 16:45:00+00',9),
(8,5,10,'2023-02-10 06:25:00+00',10),
(9,6,10,'2023-02-11 08:46:00+00',12),
(10,7,10,'2023-02-19 15:04:00+00',13),
(11,7,11,'2023-02-20 11:21:00+00',13),
(12,8,12,'2023-03-01 02:56:00+00',14),
(13,8,9,'2023-03-05 04:02:00+00',14),
(14,8,9,'2023-03-07 07:52:00+00',14),
(15,9,15,'2023-03-10 01:09:00+00',15),
(16,10,9,'2023-03-18 02:41:00+00',16),
(17,11,14,'2023-04-01 08:45:00+00',17),
(18,1,14,'2023-03-10 03:20:00+00',2),
(19,2,9,'2023-03-01 08:24:00+00',3),
(20,2,9,'2023-02-19 03:51:00+00',3),
(21,4,9,'2023-01-12 07:06:00+00',8);

--Insert subgenre table
INSERT INTO subgenre (subgenre_id, genre_name, subgenre_name, year, description)
VALUES
    (1, 'jazz', 'bebop', 1940, 'a subgenre of jazz that emphasizes fast tempos, complex chord progressions, and virtuosic improvisation'),
    (2, 'jazz', 'fusion', 1960, 'subgenre of jazz that combines elements of jazz with other genres such as rock and funk. Usually uses electronic instruments.'),
    (3, 'jazz', 'modal jazz', 1950, 'a subgenre of jazz that emphasizes modal harmony, in which a soloist plays over a series of modes or scales.'),
    (4, 'hiphop', 'old school hiphop', 1970, 'early era of hiphop and is characterized by its emphasis on breakbeats and simple, rhyming lyrics.'),
    (5, 'hiphop', 'conscious rap', 1980, 'a subgenre of hiphop that emphasizes social and political commentary'),
    (6, 'R&B', 'contemporary r&B', 1980, 'a subgenre of R&B that incorporates elements of pop, funk and hiphop.'),
    (7, 'R&B', 'neo-soul', 1990, 'a subgenre of R&B that is characterized by its use of organic instrumentation, soulful vocals, and a focus on personal and political themes.');

--Insert subscription table
INSERT INTO subscription (subscription_id, start_date, end_date, sub_name)
VALUES 
    (1, '2022-12-03', '2023-01-03', 'monthly'),
    (2, '2022-12-05', '2023-12-05', 'yearly'),
    (3, '2023-01-01', NULL, 'free'),
    (4, '2023-01-12', '2024-01-12', 'yearly'),
    (5, '2023-02-08', '2023-03-08', 'monthly'),
    (6, '2023-02-09', '2023-03-09', 'monthly'),
    (7, '2023-02-10', '2023-03-10', 'monthly'),
    (8, '2023-02-11', '2023-05-11', 'monthly'),
    (9, '2023-02-19', '2023-03-12', 'monthly'),
    (10, '2023-02-20', '2024-02-20', 'yearly'),
    (11, '2023-03-01', '2024-03-01', 'yearly'),
    (12, '2023-03-05', NULL, 'free'),
    (13, '2023-03-07', '2024-03-07', 'yearly'),
    (14, '2023-03-10', '2023-04-10', 'monthly'),
    (15, '2023-03-18', NULL, 'free'),
    (16, '2023-04-01', '2023-05-01', 'monthly'),
    (17, '2023-04-03', '2024-04-03', 'yearly'),
    (18, '2023-04-15', '2023-05-15', 'monthly'),
    (19, '2023-04-16', '2023-05-16', 'monthly'),
    (20, '2023-04-17', '2023-05-17', 'monthly');
	
	
--Insert put_in table (playlist vs songfile)
INSERT INTO put_in (playlist_id, track_id)
VALUES 
    (1,6),
    (1,7),
    (2,9),
    (3,1),
    (3,3),
    (3,4),
    (3,5),
    (3,13),
    (4,15),
    (4,19),
    (5,3),
    (5,4),
    (5,5),
    (5,7),
    (5,17),
    (5,20),
    (6,1),
    (6,2),
    (6,20),
    (7,11),
    (7,17),
    (7,20),
    (8,10),
    (8,13),
    (9,1),
    (9,7),
    (9,10),
    (9,20),
    (10,20),
    (11,9),
    (11,13),
    (11,17),
    (12,13),
    (12,14),
    (12,15),
    (13,1),
    (13,8),
    (13,10),
    (13,20),
    (14,19),
    (14,20),
    (15,13),
    (15,16),
	(16,4),
    (16,5),
    (16,6),
    (16,7),
    (16,10),
    (16,15),
    (16,20),
	(17,8),
    (17,10),
    (17,20),
    (18,3),
    (18,5),
    (18,15),
    (18,20),
	(19,3),
    (19,6),
    (19,9),
    (19,15),
    (19,16),
    (19,18),
    (19,20),
   (20,7),
    (20,8),
    (20,11);
   

--Insert contracted_by table (artist vs musiclabel)
INSERT INTO contracted_by (artist_id, label_id) VALUES
    (1, 1),
    (2, 2),
    (3, 3),
    (4, 4),
    (5, 5),
    (6, 6),
    (7, 7),
    (8, 8),
    (9, 9),
    (10, 10),
    (11, 11),
    (12, 12),
    (13, 13),
    (14, 14),
    (15, 15),
    (16, 16),
    (17, 17),
    (18, 18),
    (19, 19),
    (20, 20);

--Insert created_by table (user_profile vs playlist)
INSERT INTO created_by (playlist_id, user_id)
VALUES
    (1,1),
    (2,2),
    (3,3),
    (4,4),
    (5,5),
    (6,5),
    (7,7),
    (8,8),
    (9,9),
    (10,10),
    (11,11),
    (12,11),
    (13,13),
    (14,14),
    (15,15),
    (16,11),
    (17,17),
    (18,18),
    (19,19),
    (20,20);

--Insert subscription_type table
INSERT INTO subscription_type (user_id, subscription_id, price)
VALUES 
	(1,1,9.99),
	(2,2,99.99),
	(3,3,0.00),
	(4,4,99.99),
	(5,5,9.99),
	(6,6,9.99),
	(7,7,9.99),
	(8,8,9.99),
	(9,9,9.99),
	(10,10,99.99),
	(11,11,99.99),
	(12,12,0.00),
	(13,13,99.99),
	(14,14,9.99),
	(15,15,0.00),
	(16,16,9.99),
	(17,17,99.99),
	(18,18,9.99),
	(19,19,9.99),
	(20,20,9.99);

---Insert category_of table (genre vs songfile)
INSERT INTO category_of (genre_name, track_id) 
VALUES 
('k-R&B', 1),
('k-R&B', 8),
('indie', 3),
('indie', 12),
('R&B', 12),
('indie', 2),
('k-indie', 4),
('k-hiphop', 5),
('k-hiphop', 6),
('k-hiphop', 13),
('k-R&B', 7),
('k-pop', 10),
('hiphop', 11),
('k-hiphop', 8),
('k-R&B', 13),
('k-hiphop', 15),
('hiphop', 16),
('funk', 17),
('hiphop', 18),
('R&B', 19),
('hiphop', 5);


--Insert distributed_by table (album vs musiclabel)
INSERT INTO distributed_by (label_id, album_name)
VALUES
(1, 'OO'),
(2, 'summer flows 0.02'),
(3, 'Growth'),
(4, '20'),
(5, 'TELEVISION'),
(6, 'The Island Kid'),
(7, 'Flip'),
(8, 'Crush on You'),
(9, 'EVERYTHING YOU WANTED'),
(10, 'cassette'),
(11, 'To Pimp A Butterfly'),
(12, 'FEELS'),
(13, 'glow forever'),
(14, 'idealism'),
(15, 'Maiden Voyage III'),
(16, 'Views'),
(17, 'WEATHER REPORT'),
(18, 'The Forever Story'),
(19, 'Malibu'),
(20, '2014 Forest Hills Drive');